{
  "STARTING_INVENTORY": ["POCKET_ROCKS", "SILENT_KNIFE", "BUCKET_OF_LIME"],
  "CRITICAL_ITEMS": ["SILENT_KNIFE", "TIME_BRACELET", "STAR_COMPASS", "ANCHOR_STONE"],
  "SCAR_TISSUE": {
    "SORRY": 0.8, "HATE": 0.6, "FATE": 0.9, "REGRET": 0.6, "THE_DEVIL_FORGOT": 0.1, "BETRAYAL": 0.314
  },
  "ITEM_REGISTRY": {
    "POCKET_ROCKS": {
      "description": "Ordinary grey stones. Surprisingly heavy.",
      "function": "GRAVITY_BUFFER",
      "value": 2.5,
      "cost": "INTEGRITY",
      "cost_value": 2.0,
      "usage_msg": "Gordon clutches the stones. 'Not today.'"
    },
    "ANCHOR_STONE": {
      "description": "A dense, black rock that refuses to move.",
      "function": "DRIFT_KILLER",
      "value": 100.0,
      "consume_on_use": true,
      "usage_msg": "Gordon kicks the heavy stone into the abyss. The rope snaps taut."
    },
    "SILENT_KNIFE": {
      "description": "A ceramic blade that cuts without sound.",
      "function": "LOOP_CUTTER",
      "usage_msg": "The Red String is cut. The paper walls collapse."
    },
    "TIME_BRACELET": {
      "description": "A watch that runs backwards.",
      "function": "TIME_RESIST",
      "value": 0.5,
      "usage_msg": "The hands spin counter-clockwise, rewinding the drag."
    },
    "BUCKET_OF_LIME": {
      "description": "White powder for covering mistakes.",
      "function": "ROS_SCRUB",
      "value": 0.7,
      "usage_msg": "Gordon whitewashes the 'Sorry' from the walls."
    },
    "STABILITY_PIZZA": {
      "description": "A frozen slice of reality.",
      "function": "REALITY_ANCHOR",
      "consume_on_use": true,
      "requires": "thermal",
      "usage_msg": "It tastes like childhood cartoons and hot plastic."
    },
    "SPIDER_LOCUS": {
      "description": "A graph-plotting tool.",
      "function": "MAP_MAKER",
      "usage_msg": "Drawing lines on the void."
    },
    "STAR_COMPASS": {
      "description": "Points to True North, ignoring the maze.",
      "function": "NAVIGATION",
      "usage_msg": "The needle locks onto a fixed point."
    },
    "THE_LEDGER": {
      "description": "Records growth. High Voltage = Mastery. Low Voltage = Maintenance. Zero Voltage = Data.",
      "function": "MASTERY_TRACKER",
      "usage_msg": "Gordon opens the Ledger. If the page is blank, he writes 'DATA' instead of 'FAILURE'.",
      "value": 2.0
    },
    "ANTISEPTIC_SPRAY": { "description": "For cleaning septic wounds.", "function": "TROPHY" },
    "DIVING_BELL": { "description": "For surviving high pressure.", "function": "TROPHY" },
    "HEAT_SINK": { "description": "Absorbs excess thermal energy.", "function": "TROPHY" },
    "THERMOS": { "description": "Keeps the coffee hot in the cold.", "function": "TROPHY" }
  }
}
