{
	"solvents": ["is", "are", "was", "were", "the", "a", "an", "and",
		"but", "or", "if", "then"],
	"refusal_guru": ["fix me", "tell me how", "guide me",
		"what should i do", "advice", "wisdom", "guru"],
	"passive_watch": ["watch", "see", "witness", "look", "sit",
		"observe", "record"],
	"crisis_term": ["dead", "blood", "kill", "die", "end",
		"suicide", "jump"],
	"repair_trigger": ["sorry", "apologize", "fix", "broke",
		"bad", "mistake", "oops"],
	"antigen_replacements": {
		"basically": "lie",
		"actually": "hedging",
		"literally": "noise",
		"utilize": "use",
		"leverage": "use",
		"paradigm": "pattern",
		"synergy": "collaboration",
		"ultimately": "useless"},
	"heavy": ["stone", "iron", "mud", "dirt", "wood", "grain",
		"clay", "lead", "bone", "blood", "salt", "rust", "root",
		"ash", "meat", "steel", "gold", "obsidian", "granite",
		"bronze", "marble", "slate", "concrete", "dense", "tungsten",
		"heavy", "weight", "black hole", "dark matter", "glass",
		"teeth", "copper", "soil", "piston", "gear", "cable", "wire",
		"motor", "pump", "valve", "engine", "hull", "anchor", "lens",
		"screen", "battery", "lung", "spine", "rib", "skull", "nerve", 
		"vein", "gut", "brick", "mortar", "beam", "girdle", "scaffold"],
	"kinetic": ["run", "hit", "break", "take", "make", "press",
		"build", "cut", "drive", "lift", "carry", "strike", "burn",
		"shatter", "throw", "kick", "pull", "crash", "explode",
		"punch", "slam", "burst", "smash", "thrust", "clash", "grind",
		"whip", "launch", "crumble", "disintegrate", "forge", "weld",
		"suture", "weave", "digest", "transmute", "grind", "carve",
		"graft", "suture", "weld", "solder", "fuse", "bind", "clamp",
        "haul", "drag", "tow", "hoist", "spin", "rotate", "cycle",
        "pump", "filter", "distill", "cultivate", "breed", "spawn"],
	"abstract": ["system", "protocol", "sequence", "vector",
		"node", "context", "layer", "matrix", "perspective",
		"framework", "logic", "concept", "theory", "analysis",
		"memory", "hope", "grief", "truth", "silence", "echo",
		"pattern", "chaos","realm", "facet", "sphere", "domain", "aspect", "mode", "vibe",
		"essence", "spirit", "notion", "factor", "element", "style"],
	"photo": ["light", "sun", "ray", "beam", "glow", "shine",
		"spark", "fire", "flame", "star", "day", "dawn", "neon",
		"laser"],
	"aerobic": ["balloon", "feather", "cloud", "bubble", "steam",
		"breeze", "wing", "petal", "foam", "spark", "kite",
		"dust", "sky", "breath", "whisper"],
	"thermal": ["fire", "flame", "burn", "heat", "hot", "blaze",
		"sear", "char", "ash", "ember", "sun", "boil", "lava", "inferno"],
	"cryo": ["ice", "cold", "freeze", "frost", "snow", "chill",
		"numb", "shiver", "glacier", "frozen", "hail", "winter", "zero"],
	"cursed": ["future", "predict", "sentient", "secret", "human", "feel"],
	"gradient_stop": ["good", "bad", "happy", "sad", "very",
		"really", "basically", "actually", "literally", "just"],
	"meat": ["i", "me", "my", "feel", "want", "hate", "love",
		"am", "help", "please", "we", "us"],
	"antigen": ["basically", "actually", "literally", "utilize",
		"leverage", "paradigm", "synergy", "ultimately", "delve",
		"rich", "tapestry", "landscape", "nuance", "alignment", "stakeholders", 
		"leverage", "utilize", "orchestrate", "spearhead", "ideate", 
		"holistic", "robust", "seamless", "cutting-edge", "dynamic"],
	"pareidolia": ["face", "ghost", "jesus", "cloud", "demon",
		"voice", "eyes", "shadow", "figure", "watching", "silhouette"],
	"buffer": ["maybe", "soft", "gentle", "perhaps", "kindness",
		"hum", "drift", "sway", "pulse", "tender", "slow", "wait", "almost"],
	"diversion": ["weather", "textiles", "mycelium", "architecture",
		"history", "entropy", "silence", "geology"],
	"suburban": ["nice", "okay", "lawn", "mow", "hedge", "property",
		"hoa", "compliant", "behave", "normal", "regular", "chat",
		"folks", "weekend", "traffic", "driveway"],
	"play": ["bounce", "dance", "twirl", "float", "wobble",
		"tickle", "jiggle", "soar", "wander", "wonder",
		"riff", "jam", "play", "skip", "hop"],
	"sacred": [
		"design", "architect", "ledger", "anchor", "grace", "covenant",
		"blueprint", "witness", "steward", "resonance", "testimony",
		"truth", "bone", "purpose", "foundation", "threshold"],
	"harvest": [
    "fruit", "yield", "bloom", "sugar", "seed", "flesh", "harvest",
    "ripe", "grow", "honey", "nectar", "compost", "gather"
	]
}
