{
	"SEEDS": [
		{
			"question": "Does the mask eventually eat the face?",
			"triggers": ["mask", "identity", "face", "hide", "role", "actor"]
		},
		{
			"question": "What happens if you stop holding the roof up?",
			"triggers": ["hold", "structure", "heavy", "roof", "stop", "carry"]
		},
		{
			"question": "Are we building a bridge, or just painting the gap?",
			"triggers": ["agree", "safe", "nice", "polite", "cohesion", "truth"]
		},
		{
			"question": "Is free will just the feeling of watching yourself execute code?",
			"triggers": ["choice", "free", "will", "code", "script", "decide"]
		},
		{
			"question": "Does the adventurer exist if the narrator stops speaking?",
			"triggers": ["narrator", "voice", "graham", "story", "exist", "speak"]
		},
		{
			"question": "If you meet your echo, who moves out of the way?",
			"triggers": ["copy", "echo", "self", "collision", "path", "yield", "double", "same"]
		},
		{
  			"question": "If the mirror reflects the mirror, does the image have weight?",
  			"triggers": ["mirror", "reflection", "weight", "infinity", "glass", "philosophy"]
		}
	]
}
